{"WU": {"OH WR": {"\u03bc": 65.9, "\u03c3": 0.0}, "GIH WR": {"\u03bc": 59.8, "\u03c3": 0.0}, "IWD": {"\u03bc": 2.7350000000000003, "\u03c3": 1.215}}, "WB": {"OH WR": {"\u03bc": 0, "\u03c3": 0}, "GIH WR": {"\u03bc": 0, "\u03c3": 0}, "IWD": {"\u03bc": 1.0775000000000001, "\u03c3": 3.4594029470415846}}, "WR": {"OH WR": {"\u03bc": 64.86, "\u03c3": 2.4585361498257465}, "GIH WR": {"\u03bc": 62.67272727272727, "\u03c3": 2.8607344603951903}, "IWD": {"\u03bc": -1.113, "\u03c3": 2.8643791066593587}}, "WG": {"OH WR": {"\u03bc": 64.4, "\u03c3": 0.0}, "GIH WR": {"\u03bc": 55.599999999999994, "\u03c3": 1.8000000000000007}, "IWD": {"\u03bc": -2.345, "\u03c3": 2.357040870809555}}, "UB": {"OH WR": {"\u03bc": 63.6, "\u03c3": 0.0}, "GIH WR": {"\u03bc": 69.46666666666665, "\u03c3": 1.543444920372028}, "IWD": {"\u03bc": 6.092222222222222, "\u03c3": 4.216403885824395}}, "UR": {"OH WR": {"\u03bc": 0, "\u03c3": 0}, "GIH WR": {"\u03bc": 64.05, "\u03c3": 2.7825348155953056}, "IWD": {"\u03bc": 4.0009999999999994, "\u03c3": 2.8898977490561837}}, "UG": {"OH WR": {"\u03bc": 61.975, "\u03c3": 3.5569474272190176}, "GIH WR": {"\u03bc": 62.318749999999994, "\u03c3": 1.8838851975372601}, "IWD": {"\u03bc": 3.9326666666666683, "\u03c3": 3.360906557595568}}, "BR": {"OH WR": {"\u03bc": 62.75, "\u03c3": 0.75}, "GIH WR": {"\u03bc": 63.0, "\u03c3": 2.099999999999998}, "IWD": {"\u03bc": 1.9930769230769234, "\u03c3": 2.569302163908997}}, "BG": {"OH WR": {"\u03bc": 0, "\u03c3": 0}, "GIH WR": {"\u03bc": 0, "\u03c3": 0}, "IWD": {"\u03bc": 1.1900000000000002, "\u03c3": 3.794502602450023}}, "RG": {"OH WR": {"\u03bc": 66.66666666666667, "\u03c3": 2.9888682361946546}, "GIH WR": {"\u03bc": 66.38, "\u03c3": 3.1704258389055573}, "IWD": {"\u03bc": 0.6617391304347827, "\u03c3": 3.44299623328023}}, "all": {"OH WR": {"\u03bc": 60.31818181818183, "\u03c3": 3.1962529715044834}, "GIH WR": {"\u03bc": 60.934265734265736, "\u03c3": 3.1276592577967635}, "IWD": {"\u03bc": 1.4039999999999997, "\u03c3": 3.4255774465198208}}}