{"WU": {"OH WR": {"\u03bc": 54.88679245283018, "\u03c3": 3.0358261898595873}, "GIH WR": {"\u03bc": 57.15454545454544, "\u03c3": 2.5159600744882127}, "IWD": {"\u03bc": 3.054698795180722, "\u03c3": 3.0588041357041744}}, "WB": {"OH WR": {"\u03bc": 55.589130434782604, "\u03c3": 3.5091946469159123}, "GIH WR": {"\u03bc": 56.63870967741936, "\u03c3": 2.816274984208847}, "IWD": {"\u03bc": 1.4444303797468356, "\u03c3": 3.543192705590607}}, "WR": {"OH WR": {"\u03bc": 53.80000000000001, "\u03c3": 3.0121323305045204}, "GIH WR": {"\u03bc": 52.93023255813956, "\u03c3": 2.4774832394449544}, "IWD": {"\u03bc": 0.3089062500000001, "\u03c3": 3.7983018891619102}}, "WG": {"OH WR": {"\u03bc": 56.476000000000006, "\u03c3": 3.614059213682034}, "GIH WR": {"\u03bc": 57.045161290322575, "\u03c3": 3.031803328977382}, "IWD": {"\u03bc": 0.8788157894736844, "\u03c3": 2.8161376905936746}}, "UB": {"OH WR": {"\u03bc": 53.6793103448276, "\u03c3": 3.2813348114853196}, "GIH WR": {"\u03bc": 57.73750000000001, "\u03c3": 3.1845869041368613}, "IWD": {"\u03bc": 5.5427586206896535, "\u03c3": 3.4395257256776106}}, "UR": {"OH WR": {"\u03bc": 53.457142857142856, "\u03c3": 3.78613654428532}, "GIH WR": {"\u03bc": 55.505172413793105, "\u03c3": 2.6489049405493184}, "IWD": {"\u03bc": 2.6456944444444446, "\u03c3": 2.614774170400067}}, "UG": {"OH WR": {"\u03bc": 56.77368421052632, "\u03c3": 3.9223393626400567}, "GIH WR": {"\u03bc": 58.97462686567165, "\u03c3": 2.9730301785989868}, "IWD": {"\u03bc": 1.7877647058823531, "\u03c3": 3.0239663772137133}}, "BR": {"OH WR": {"\u03bc": 53.214545454545465, "\u03c3": 3.3552357013435348}, "GIH WR": {"\u03bc": 56.65441176470589, "\u03c3": 3.5619076937345135}, "IWD": {"\u03bc": 2.689240506329113, "\u03c3": 3.3125162611119943}}, "BG": {"OH WR": {"\u03bc": 54.48333333333333, "\u03c3": 2.8834296708376064}, "GIH WR": {"\u03bc": 56.22040816326532, "\u03c3": 3.1071333065099025}, "IWD": {"\u03bc": 1.6671641791044773, "\u03c3": 3.156414840398362}}, "RG": {"OH WR": {"\u03bc": 56.1188679245283, "\u03c3": 3.329913399280379}, "GIH WR": {"\u03bc": 56.970312500000006, "\u03c3": 3.357765239313754}, "IWD": {"\u03bc": 0.3295890410958903, "\u03c3": 3.0036121807721186}}, "all": {"OH WR": {"\u03bc": 54.25949367088607, "\u03c3": 4.236396017893521}, "GIH WR": {"\u03bc": 56.45506072874494, "\u03c3": 3.487682881069194}, "IWD": {"\u03bc": 2.214942965779468, "\u03c3": 3.2811235522009743}}}