{"WU": {"OH WR": {"\u03bc": 0, "\u03c3": 0}, "GIH WR": {"\u03bc": 60.900000000000006, "\u03c3": 1.8000000000000007}, "IWD": {"\u03bc": 2.6635714285714287, "\u03c3": 2.7440444788743528}}, "WB": {"OH WR": {"\u03bc": 61.7, "\u03c3": 0.0}, "GIH WR": {"\u03bc": 61.93636363636363, "\u03c3": 1.903237780621953}, "IWD": {"\u03bc": 2.0984615384615384, "\u03c3": 2.5509284769813827}}, "WR": {"OH WR": {"\u03bc": 55.8, "\u03c3": 0.0}, "GIH WR": {"\u03bc": 56.5, "\u03c3": 0.0}, "IWD": {"\u03bc": 0.8190909090909091, "\u03c3": 3.572886417922056}}, "WG": {"OH WR": {"\u03bc": 62.07551020408162, "\u03c3": 2.7736022854134985}, "GIH WR": {"\u03bc": 61.24814814814815, "\u03c3": 3.0358195391604585}, "IWD": {"\u03bc": 0.5454929577464788, "\u03c3": 3.382600794843274}}, "UB": {"OH WR": {"\u03bc": 61.6375, "\u03c3": 1.872122792447119}, "GIH WR": {"\u03bc": 63.68947368421053, "\u03c3": 1.9705448717075038}, "IWD": {"\u03bc": 4.93829268292683, "\u03c3": 3.7275610953027654}}, "UR": {"OH WR": {"\u03bc": 52.53333333333334, "\u03c3": 0.12472191289246648}, "GIH WR": {"\u03bc": 58.38461538461539, "\u03c3": 1.7667206273624387}, "IWD": {"\u03bc": 4.678, "\u03c3": 2.5761490640100777}}, "UG": {"OH WR": {"\u03bc": 59.15, "\u03c3": 0.6499999999999986}, "GIH WR": {"\u03bc": 60.42499999999999, "\u03c3": 3.2396308946133554}, "IWD": {"\u03bc": 2.5250000000000004, "\u03c3": 3.8430369100891664}}, "BR": {"OH WR": {"\u03bc": 57.44285714285714, "\u03c3": 1.1004637241469002}, "GIH WR": {"\u03bc": 57.26470588235295, "\u03c3": 2.987609939197037}, "IWD": {"\u03bc": 1.4336363636363636, "\u03c3": 2.487359337496133}}, "BG": {"OH WR": {"\u03bc": 60.9470588235294, "\u03c3": 2.5919825814272253}, "GIH WR": {"\u03bc": 62.431250000000006, "\u03c3": 2.937909989119249}, "IWD": {"\u03bc": 2.6745454545454552, "\u03c3": 2.635257552715864}}, "RG": {"OH WR": {"\u03bc": 60.25454545454546, "\u03c3": 3.2077643408011918}, "GIH WR": {"\u03bc": 57.70624999999999, "\u03c3": 2.986525730259159}, "IWD": {"\u03bc": 0.029230769230769223, "\u03c3": 2.833185562917658}}, "all": {"OH WR": {"\u03bc": 58.82737430167593, "\u03c3": 3.945038511839684}, "GIH WR": {"\u03bc": 60.127906976744185, "\u03c3": 3.255173026615811}, "IWD": {"\u03bc": 2.984301886792453, "\u03c3": 3.7073409561932844}}}