{"WU": {"OH WR": {"\u03bc": 0, "\u03c3": 0}, "GIH WR": {"\u03bc": 62.79999999999999, "\u03c3": 0.9660917830792951}, "IWD": {"\u03bc": 3.7800000000000002, "\u03c3": 2.532869631747471}}, "WB": {"OH WR": {"\u03bc": 0, "\u03c3": 0}, "GIH WR": {"\u03bc": 0, "\u03c3": 0}, "IWD": {"\u03bc": 3.25875, "\u03c3": 3.025423265842319}}, "WR": {"OH WR": {"\u03bc": 0, "\u03c3": 0}, "GIH WR": {"\u03bc": 0, "\u03c3": 0}, "IWD": {"\u03bc": 2.6, "\u03c3": 0.0}}, "WG": {"OH WR": {"\u03bc": 0, "\u03c3": 0}, "GIH WR": {"\u03bc": 60.400000000000006, "\u03c3": 1.8000000000000007}, "IWD": {"\u03bc": 0.9885714285714283, "\u03c3": 3.2089803835550033}}, "UB": {"OH WR": {"\u03bc": 61.7, "\u03c3": 2.099999999999998}, "GIH WR": {"\u03bc": 64.02499999999999, "\u03c3": 2.325985454239413}, "IWD": {"\u03bc": 5.83625, "\u03c3": 2.69099704648048}}, "UR": {"OH WR": {"\u03bc": 0, "\u03c3": 0}, "GIH WR": {"\u03bc": 59.46666666666666, "\u03c3": 2.6042699979499466}, "IWD": {"\u03bc": 1.8774999999999997, "\u03c3": 2.378221061353773}}, "UG": {"OH WR": {"\u03bc": 64.725, "\u03c3": 4.2322423134787535}, "GIH WR": {"\u03bc": 62.181818181818194, "\u03c3": 2.5084650075723354}, "IWD": {"\u03bc": 1.854642857142857, "\u03c3": 2.1990086762364682}}, "BR": {"OH WR": {"\u03bc": 0, "\u03c3": 0}, "GIH WR": {"\u03bc": 61.4, "\u03c3": 1.1789826122551583}, "IWD": {"\u03bc": 3.3658823529411763, "\u03c3": 2.68088014262114}}, "BG": {"OH WR": {"\u03bc": 0, "\u03c3": 0}, "GIH WR": {"\u03bc": 0, "\u03c3": 0}, "IWD": {"\u03bc": 4.255, "\u03c3": 2.360033544959337}}, "RG": {"OH WR": {"\u03bc": 57.96666666666667, "\u03c3": 2.347102232304527}, "GIH WR": {"\u03bc": 58.62857142857143, "\u03c3": 3.234066120763362}, "IWD": {"\u03bc": -0.12277777777777778, "\u03c3": 2.128298239218773}}, "all": {"OH WR": {"\u03bc": 59.20434782608695, "\u03c3": 2.787702538692822}, "GIH WR": {"\u03bc": 60.711290322580616, "\u03c3": 2.8223534470772655}, "IWD": {"\u03bc": 2.5350867052023127, "\u03c3": 3.144241018445879}}}