{"WU": {"OH WR": {"\u03bc": 56.5873786407767, "\u03c3": 4.994826053350918}, "GIH WR": {"\u03bc": 57.277192982456135, "\u03c3": 3.6279382547531918}, "IWD": {"\u03bc": 1.417416666666667, "\u03c3": 3.549705033716025}}, "WB": {"OH WR": {"\u03bc": 53.456179775280894, "\u03c3": 4.5810051165430075}, "GIH WR": {"\u03bc": 54.80970873786409, "\u03c3": 4.078394757580672}, "IWD": {"\u03bc": 3.1191304347826088, "\u03c3": 3.8111063246476564}}, "WR": {"OH WR": {"\u03bc": 56.31979166666664, "\u03c3": 5.041341996260904}, "GIH WR": {"\u03bc": 55.47058823529411, "\u03c3": 4.108016749571933}, "IWD": {"\u03bc": 0.3023275862068965, "\u03c3": 4.0707150853972065}}, "WG": {"OH WR": {"\u03bc": 55.74756097560976, "\u03c3": 4.58058537130823}, "GIH WR": {"\u03bc": 56.003333333333345, "\u03c3": 3.666256037612939}, "IWD": {"\u03bc": 1.633148148148148, "\u03c3": 3.9895438911652055}}, "UB": {"OH WR": {"\u03bc": 53.76428571428571, "\u03c3": 4.883943914836176}, "GIH WR": {"\u03bc": 56.27777777777778, "\u03c3": 3.5554427065424874}, "IWD": {"\u03bc": 4.392857142857143, "\u03c3": 3.655022363186053}}, "UR": {"OH WR": {"\u03bc": 56.54375000000001, "\u03c3": 5.38840987096379}, "GIH WR": {"\u03bc": 55.68785046728971, "\u03c3": 4.323219427767994}, "IWD": {"\u03bc": -0.08848739495798318, "\u03c3": 3.704064685047708}}, "UG": {"OH WR": {"\u03bc": 53.435294117647054, "\u03c3": 4.635152282093943}, "GIH WR": {"\u03bc": 53.9386363636364, "\u03c3": 3.7721296076433393}, "IWD": {"\u03bc": 1.9666666666666672, "\u03c3": 4.041387471947313}}, "BR": {"OH WR": {"\u03bc": 52.98024691358023, "\u03c3": 4.482350016166602}, "GIH WR": {"\u03bc": 54.45483870967741, "\u03c3": 4.476834426172335}, "IWD": {"\u03bc": 2.8942990654205607, "\u03c3": 4.5661069763974735}}, "BG": {"OH WR": {"\u03bc": 54.154838709677406, "\u03c3": 4.746192953792606}, "GIH WR": {"\u03bc": 56.541284403669714, "\u03c3": 4.279376851857692}, "IWD": {"\u03bc": 3.670743801652891, "\u03c3": 3.809323092357187}}, "RG": {"OH WR": {"\u03bc": 56.22800000000002, "\u03c3": 5.6870744675975535}, "GIH WR": {"\u03bc": 55.76696428571428, "\u03c3": 4.699095437134249}, "IWD": {"\u03bc": 0.5826612903225806, "\u03c3": 4.47925218932785}}, "all": {"OH WR": {"\u03bc": 54.810791366906464, "\u03c3": 5.097681665869708}, "GIH WR": {"\u03bc": 55.740714285714276, "\u03c3": 3.8655788039821304}, "IWD": {"\u03bc": 2.0685815602836874, "\u03c3": 3.865014488345544}}}