{"WU": {"OH WR": {"\u03bc": 60.21875, "\u03c3": 4.046791746247884}, "GIH WR": {"\u03bc": 59.78478260869567, "\u03c3": 2.6519859163591173}, "IWD": {"\u03bc": 0.5914285714285714, "\u03c3": 2.893741046620786}}, "WB": {"OH WR": {"\u03bc": 54.982352941176465, "\u03c3": 2.1349294778592873}, "GIH WR": {"\u03bc": 56.17435897435899, "\u03c3": 3.0987770911895227}, "IWD": {"\u03bc": 1.9642307692307681, "\u03c3": 3.011874797015873}}, "WR": {"OH WR": {"\u03bc": 58.532258064516114, "\u03c3": 3.552680686810308}, "GIH WR": {"\u03bc": 57.435897435897424, "\u03c3": 2.956911692748259}, "IWD": {"\u03bc": -0.9577192982456139, "\u03c3": 3.5244106226425993}}, "WG": {"OH WR": {"\u03bc": 0, "\u03c3": 0}, "GIH WR": {"\u03bc": 60.480000000000004, "\u03c3": 0.9765244492586976}, "IWD": {"\u03bc": 1.4176470588235293, "\u03c3": 2.9276059872546023}}, "UB": {"OH WR": {"\u03bc": 56.13000000000001, "\u03c3": 1.6297545827516486}, "GIH WR": {"\u03bc": 58.18285714285714, "\u03c3": 3.2322027618758002}, "IWD": {"\u03bc": 3.2948076923076925, "\u03c3": 3.4870140909824348}}, "UR": {"OH WR": {"\u03bc": 59.78620689655172, "\u03c3": 3.669043297075479}, "GIH WR": {"\u03bc": 58.23611111111112, "\u03c3": 2.7704946186734905}, "IWD": {"\u03bc": -1.1762745098039216, "\u03c3": 2.3650245289813765}}, "UG": {"OH WR": {"\u03bc": 54.199999999999996, "\u03c3": 2.2045407685048595}, "GIH WR": {"\u03bc": 55.224999999999994, "\u03c3": 1.8191687662226392}, "IWD": {"\u03bc": 0.9119047619047619, "\u03c3": 2.469595338063879}}, "BR": {"OH WR": {"\u03bc": 56.675, "\u03c3": 1.948557158514987}, "GIH WR": {"\u03bc": 56.48260869565217, "\u03c3": 2.752019365122881}, "IWD": {"\u03bc": 2.0532500000000002, "\u03c3": 3.3501032726619044}}, "BG": {"OH WR": {"\u03bc": 56.542857142857144, "\u03c3": 2.402889417143539}, "GIH WR": {"\u03bc": 56.881818181818176, "\u03c3": 2.8264395147567734}, "IWD": {"\u03bc": 2.859736842105264, "\u03c3": 3.141818520372946}}, "RG": {"OH WR": {"\u03bc": 58.38333333333335, "\u03c3": 2.95545634754131}, "GIH WR": {"\u03bc": 56.88529411764705, "\u03c3": 2.369181088718604}, "IWD": {"\u03bc": -0.22999999999999995, "\u03c3": 3.2761239997195566}}, "all": {"OH WR": {"\u03bc": 56.37356321839081, "\u03c3": 4.61490488239895}, "GIH WR": {"\u03bc": 56.99587155963305, "\u03c3": 3.5574229696984205}, "IWD": {"\u03bc": 1.9629149797570848, "\u03c3": 4.167335822701155}}}