{"WU": {"OH WR": {"\u03bc": 51.19090909090908, "\u03c3": 3.1609706637661286}, "GIH WR": {"\u03bc": 54.16231884057973, "\u03c3": 2.857946026877272}, "IWD": {"\u03bc": 3.1751136363636365, "\u03c3": 3.184406964312115}}, "WB": {"OH WR": {"\u03bc": 56.51206896551722, "\u03c3": 2.8286756732098635}, "GIH WR": {"\u03bc": 58.3142857142857, "\u03c3": 3.127494922425282}, "IWD": {"\u03bc": 2.1157471264367813, "\u03c3": 2.992400962815956}}, "WR": {"OH WR": {"\u03bc": 55.00555555555555, "\u03c3": 3.264875737336249}, "GIH WR": {"\u03bc": 54.68524590163934, "\u03c3": 3.043716239416835}, "IWD": {"\u03bc": 0.08768292682926825, "\u03c3": 3.262149261131935}}, "WG": {"OH WR": {"\u03bc": 58.83271028037382, "\u03c3": 4.160647318906546}, "GIH WR": {"\u03bc": 58.85762711864408, "\u03c3": 3.70348911940749}, "IWD": {"\u03bc": 1.0335294117647056, "\u03c3": 3.7310311477667315}}, "UB": {"OH WR": {"\u03bc": 53.45454545454545, "\u03c3": 3.6395570393578227}, "GIH WR": {"\u03bc": 56.75862068965518, "\u03c3": 3.2344962379936275}, "IWD": {"\u03bc": 4.938712871287129, "\u03c3": 3.223076343429815}}, "UR": {"OH WR": {"\u03bc": 50.371428571428574, "\u03c3": 2.902403414108951}, "GIH WR": {"\u03bc": 52.534482758620676, "\u03c3": 2.945748059324335}, "IWD": {"\u03bc": 3.741684210526315, "\u03c3": 2.7495625116625675}}, "UG": {"OH WR": {"\u03bc": 54.22205882352941, "\u03c3": 3.581482012841123}, "GIH WR": {"\u03bc": 56.076829268292684, "\u03c3": 3.9140864672730102}, "IWD": {"\u03bc": 2.7159374999999994, "\u03c3": 3.940007026782282}}, "BR": {"OH WR": {"\u03bc": 53.435, "\u03c3": 3.555668010374422}, "GIH WR": {"\u03bc": 53.76363636363635, "\u03c3": 3.3173162009159594}, "IWD": {"\u03bc": 1.215794392523365, "\u03c3": 3.4523747853702305}}, "BG": {"OH WR": {"\u03bc": 57.48089887640452, "\u03c3": 3.5977794776152288}, "GIH WR": {"\u03bc": 59.506250000000016, "\u03c3": 3.7705693310635655}, "IWD": {"\u03bc": 3.4671538461538467, "\u03c3": 3.8559365288854153}}, "RG": {"OH WR": {"\u03bc": 56.31891891891894, "\u03c3": 3.444293191355877}, "GIH WR": {"\u03bc": 54.995061728395044, "\u03c3": 3.718917313391617}, "IWD": {"\u03bc": 0.20294642857142844, "\u03c3": 3.9235542465603217}}, "all": {"OH WR": {"\u03bc": 54.434905660377346, "\u03c3": 4.410030928445081}, "GIH WR": {"\u03bc": 56.10393939393941, "\u03c3": 3.840259176381389}, "IWD": {"\u03bc": 2.684927536231886, "\u03c3": 3.4106335095958333}}}