{"WU": {"OH WR": {"\u03bc": 57.779999999999994, "\u03c3": 1.754308980767072}, "GIH WR": {"\u03bc": 58.1181818181818, "\u03c3": 2.4120222303431245}, "IWD": {"\u03bc": 2.1853846153846153, "\u03c3": 2.966406654829138}}, "WB": {"OH WR": {"\u03bc": 60.16666666666667, "\u03c3": 2.6418848490340303}, "GIH WR": {"\u03bc": 61.97234042553191, "\u03c3": 2.528871763207608}, "IWD": {"\u03bc": 2.222857142857143, "\u03c3": 2.4187707940594563}}, "WR": {"OH WR": {"\u03bc": 59.510000000000005, "\u03c3": 1.6071403174583105}, "GIH WR": {"\u03bc": 58.638461538461534, "\u03c3": 1.7402645517446966}, "IWD": {"\u03bc": -0.014878048780487856, "\u03c3": 2.4500663225977988}}, "WG": {"OH WR": {"\u03bc": 61.03823529411764, "\u03c3": 3.111696596608121}, "GIH WR": {"\u03bc": 60.248051948051966, "\u03c3": 3.134127621101818}, "IWD": {"\u03bc": 0.9541584158415839, "\u03c3": 3.2969951117621688}}, "UB": {"OH WR": {"\u03bc": 59.62173913043479, "\u03c3": 2.7106804090067786}, "GIH WR": {"\u03bc": 63.42222222222221, "\u03c3": 2.6072818933234294}, "IWD": {"\u03bc": 5.211749999999998, "\u03c3": 2.851725256314149}}, "UR": {"OH WR": {"\u03bc": 56.00714285714287, "\u03c3": 1.8710059500990697}, "GIH WR": {"\u03bc": 59.09677419354837, "\u03c3": 2.47483904604929}, "IWD": {"\u03bc": 4.274782608695652, "\u03c3": 2.7000328010329917}}, "UG": {"OH WR": {"\u03bc": 58.43888888888888, "\u03c3": 2.040190320340207}, "GIH WR": {"\u03bc": 60.878378378378365, "\u03c3": 3.2402982124302153}, "IWD": {"\u03bc": 2.7196721311475414, "\u03c3": 3.1752567817748116}}, "BR": {"OH WR": {"\u03bc": 56.78181818181818, "\u03c3": 2.2424897615325943}, "GIH WR": {"\u03bc": 57.56052631578948, "\u03c3": 3.221109605619272}, "IWD": {"\u03bc": 1.0054545454545447, "\u03c3": 2.8092483529478027}}, "BG": {"OH WR": {"\u03bc": 59.583870967741944, "\u03c3": 2.6047842798667618}, "GIH WR": {"\u03bc": 61.47105263157897, "\u03c3": 2.828651147281932}, "IWD": {"\u03bc": 3.205204081632652, "\u03c3": 3.334737461621608}}, "RG": {"OH WR": {"\u03bc": 59.9483870967742, "\u03c3": 2.8573471756883433}, "GIH WR": {"\u03bc": 58.30250000000001, "\u03c3": 3.013676118961691}, "IWD": {"\u03bc": -0.1338709677419355, "\u03c3": 3.268499386785195}}, "all": {"OH WR": {"\u03bc": 58.8717647058823, "\u03c3": 3.730792223014215}, "GIH WR": {"\u03bc": 60.55795053003534, "\u03c3": 3.468286208956046}, "IWD": {"\u03bc": 3.032483870967741, "\u03c3": 3.341570901305182}}}