{"WU": {"OH WR": {"\u03bc": 51.53875000000001, "\u03c3": 3.019705852810833}, "GIH WR": {"\u03bc": 54.25638297872341, "\u03c3": 3.3811919876846117}, "IWD": {"\u03bc": 3.468867924528302, "\u03c3": 3.2012796146596307}}, "WB": {"OH WR": {"\u03bc": 55.82307692307695, "\u03c3": 3.188443311762748}, "GIH WR": {"\u03bc": 57.772897196261695, "\u03c3": 3.006583744361912}, "IWD": {"\u03bc": 2.7700806451612903, "\u03c3": 3.029633879713728}}, "WR": {"OH WR": {"\u03bc": 55.48101265822785, "\u03c3": 3.329084564533387}, "GIH WR": {"\u03bc": 54.73409090909092, "\u03c3": 3.0858138149970182}, "IWD": {"\u03bc": -0.17654545454545464, "\u03c3": 3.4581367648341383}}, "WG": {"OH WR": {"\u03bc": 57.68880597014928, "\u03c3": 4.0702535849667285}, "GIH WR": {"\u03bc": 57.455405405405415, "\u03c3": 3.9184988125243283}, "IWD": {"\u03bc": 0.6942168674698798, "\u03c3": 3.5179303610585673}}, "UB": {"OH WR": {"\u03bc": 53.20673076923076, "\u03c3": 4.126212279278496}, "GIH WR": {"\u03bc": 57.32439024390244, "\u03c3": 3.61544432073398}, "IWD": {"\u03bc": 5.652689655172416, "\u03c3": 3.663768034964948}}, "UR": {"OH WR": {"\u03bc": 50.41685393258425, "\u03c3": 3.5161341116379305}, "GIH WR": {"\u03bc": 53.24141414141418, "\u03c3": 3.3939938066826256}, "IWD": {"\u03bc": 3.9426050420168064, "\u03c3": 3.208699692703849}}, "UG": {"OH WR": {"\u03bc": 54.34193548387097, "\u03c3": 3.921441543716278}, "GIH WR": {"\u03bc": 56.153153153153156, "\u03c3": 3.9757558025826163}, "IWD": {"\u03bc": 3.269541984732825, "\u03c3": 3.9925478028648516}}, "BR": {"OH WR": {"\u03bc": 52.71800000000003, "\u03c3": 3.7178590613416214}, "GIH WR": {"\u03bc": 53.64700854700856, "\u03c3": 3.3732627095468346}, "IWD": {"\u03bc": 1.3725000000000007, "\u03c3": 3.4575982903599427}}, "BG": {"OH WR": {"\u03bc": 56.54772727272728, "\u03c3": 4.219659362761531}, "GIH WR": {"\u03bc": 58.38124999999999, "\u03c3": 3.89363741588619}, "IWD": {"\u03bc": 3.3325625000000003, "\u03c3": 4.035211154152129}}, "RG": {"OH WR": {"\u03bc": 55.72135922330098, "\u03c3": 3.9571405407576994}, "GIH WR": {"\u03bc": 54.87217391304348, "\u03c3": 3.8511104626901065}, "IWD": {"\u03bc": 0.4065413533834584, "\u03c3": 3.8593563772714923}}, "all": {"OH WR": {"\u03bc": 53.764809384164224, "\u03c3": 4.266928580269439}, "GIH WR": {"\u03bc": 55.654727793696296, "\u03c3": 3.664921104527082}, "IWD": {"\u03bc": 2.629747191011237, "\u03c3": 3.462229860977592}}}